Position	pseudolin_3_pseudoref	pseudolin_4_pseudoref	pseudolin_2_pseudoref	pseudolin_1_pseudoref	example_ref
34	A	A	A	T	A
42	N	C	C	C	C
48	C	C	C	G	C
54	N	T	T	T	T
58	G	T	T	T	T
68	T	T	A	T	T
97	G	G	C	G	G
102	G	C	G	G	G
106	T	C	T	T	T
134	C	A	C	C	C
148	A	A	A	N	A
167	C	C	C	N	C
172	N	A	A	A	A
175	T	T	N	T	T
188	G	A	G	G	G
196	A	N	A	A	A
197	A	T	A	A	A
240	G	G	T	G	G
254	G	T	G	G	G
255	C	T	T	T	T
261	A	A	G	A	A
274	G	G	T	G	G
280	A	A	T	T	T
285	G	A	A	A	A
289	A	T	A	A	A
304	C	C	C	G	C
334	C	C	G	C	C
342	G	G	C	G	G
345	A	A	A	G	A
350	A	G	G	G	G
371	G	A	A	A	A
381	T	T	T	N	T
388	A	A	A	C	A
390	C	T	A	C	C
399	G	G	G	N	G
401	C	C	A	C	C
403	A	C	A	A	A
407	C	C	A	C	C
433	A	A	A	G	A
452	T	T	A	T	T
464	T	T	G	T	T
468	G	G	G	A	G
469	T	T	T	G	T
